Submission id,Participant id,Status,Custom study tncs accepted at,Started at,Completed at,Reviewed at,Archived at,Time taken,Completion code,Total approvals,Age,Sex,Ethnicity simplified,Country of birth,Country of residence,Nationality,Language,Student status,Employment status
6978f7c74766f5e90e4316fa,5f1e7c6768c1bb8491f39191,APPROVED,Not Applicable,2026-01-27T17:37:20.889000Z,2026-01-27T17:42:32.391000Z,2026-01-27T17:46:35.469000Z,2026-01-27T17:42:32.726552Z,312.0,CIB0X4VY,5446,23,Female,White,United States,United States,United States,English,No,Part-Time
6978f7ceddda4a656ce7bedd,58bef6fd31de840001e84ba0,APPROVED,Not Applicable,2026-01-27T17:37:23.861000Z,2026-01-27T17:43:26.774000Z,2026-01-27T17:46:35.722000Z,2026-01-27T17:43:27.116095Z,363.0,CIB0X4VY,5976,41,Male,White,United Kingdom,United Kingdom,United Kingdom,English,DATA_EXPIRED,DATA_EXPIRED
6978f7e9e1a2cbf4d6917682,65db6b27470cd3b65bb2c64f,APPROVED,Not Applicable,2026-01-27T17:37:48.434000Z,2026-01-27T17:43:28.129000Z,2026-01-27T17:46:35.986000Z,2026-01-27T17:43:28.472606Z,340.0,CIB0X4VY,4580,36,Male,White,United States,United States,United States,English,DATA_EXPIRED,DATA_EXPIRED
6978f7eb3afd6296bd3c6bf0,5650c6709076880012ea78b8,APPROVED,Not Applicable,2026-01-27T17:39:22.306000Z,2026-01-27T17:49:00.184000Z,2026-01-27T17:51:59.256000Z,2026-01-27T17:49:00.558136Z,578.0,CIB0X4VY,1217,41,Female,Mixed,United Kingdom,United Kingdom,United Kingdom,English,No,Part-Time
6978f7fc87df081287a6e030,6061ea5fba199ba84a255ee5,APPROVED,Not Applicable,2026-01-27T17:38:07.912000Z,2026-01-27T17:46:06.625000Z,2026-01-27T17:46:36.256000Z,2026-01-27T17:46:06.977668Z,479.0,CIB0X4VY,1047,53,Female,White,United Kingdom,United Kingdom,United Kingdom,English,No,"Not in paid work (e.g. homemaker', 'retired or disabled)"
6978f84a82e9db874d62af85,5ac440da9534ba0001c736da,APPROVED,Not Applicable,2026-01-27T17:39:22.466000Z,2026-01-27T17:48:28.850000Z,2026-01-27T17:51:59.481000Z,2026-01-27T17:48:29.214089Z,547.0,CIB0X4VY,11592,44,Male,White,United States,United States,United States,English,No,Full-Time
6978f84bceabab5ae285351c,5c2ebf3e626018000134986f,APPROVED,Not Applicable,2026-01-27T17:39:28.498000Z,2026-01-27T17:46:59.785000Z,2026-01-27T17:51:59.700000Z,2026-01-27T17:47:00.113882Z,452.0,CIB0X4VY,2722,44,Male,White,United Kingdom,United Kingdom,United Kingdom,English,No,Full-Time
6978f84bf9797e951b17c69c,6543c24cc13d364cea3bdf41,APPROVED,Not Applicable,2026-01-27T17:39:29.031000Z,2026-01-27T17:47:13.738000Z,2026-01-27T17:51:59.926000Z,2026-01-27T17:47:14.071212Z,465.0,CIB0X4VY,3618,44,Male,White,United States,United States,United States,English,No,Full-Time
6978f84c2f56d5c37a4c6c20,6978d55c151a29f367230dde,APPROVED,Not Applicable,2026-01-27T17:39:40.891000Z,2026-01-27T17:46:35.549000Z,2026-01-27T17:52:00.136000Z,2026-01-27T17:46:35.892859Z,415.0,CIB0X4VY,4,26,Female,Asian,United Kingdom,United Kingdom,United Kingdom,English,Yes,Part-Time
6978f84cf431052d33e724fb,60f20aac9a3cd813c94175b4,APPROVED,Not Applicable,2026-01-27T17:39:30.640000Z,2026-01-27T17:45:57.618000Z,2026-01-27T17:46:36.521000Z,2026-01-27T17:45:57.950856Z,387.0,CIB0X4VY,3616,43,Female,White,United Kingdom,United Kingdom,United Kingdom,English,No,Full-Time
6978f850b2a1d36026f5db70,62d6d77df59450e545fb22f6,APPROVED,Not Applicable,2026-01-27T17:41:10.104000Z,2026-01-27T17:49:45.588000Z,2026-01-27T17:52:00.349000Z,2026-01-27T17:49:45.950862Z,516.0,CIB0X4VY,2995,38,Female,Asian,United Kingdom,United Kingdom,United Kingdom,English,No,Part-Time
6978f85116f9c4c59e195296,676055469b245b53e81358d0,APPROVED,Not Applicable,2026-01-27T17:39:37.221000Z,2026-01-27T17:44:24.453000Z,2026-01-27T17:46:36.802000Z,2026-01-27T17:44:24.820263Z,288.0,CIB0X4VY,5299,21,Male,White,United Kingdom,United Kingdom,United Kingdom,English,Yes,"Not in paid work (e.g. homemaker', 'retired or disabled)"
6978f852961c1ec611599c75,65cd90916d6c5ca9f796e9a3,APPROVED,Not Applicable,2026-01-27T17:39:37.748000Z,2026-01-27T17:44:35.309000Z,2026-01-27T17:46:37.059000Z,2026-01-27T17:44:35.702459Z,298.0,CIB0X4VY,5798,38,Female,Black,United States,United States,United States,English,DATA_EXPIRED,Full-Time
6978f852e1a8f9a54c303440,5c6c597c42e33400019c72a5,APPROVED,Not Applicable,2026-01-27T17:39:34.849000Z,2026-01-27T17:46:33.908000Z,2026-01-27T17:52:00.571000Z,2026-01-27T17:46:34.244316Z,420.0,CIB0X4VY,10113,63,Female,White,United States,United States,United States,English,No,Full-Time
6978f852f6c9d59bdb88572f,695ffb067d7ad5092a6d7716,APPROVED,Not Applicable,2026-01-27T17:39:33.351000Z,2026-01-27T17:43:46.458000Z,2026-01-27T17:46:37.438000Z,2026-01-27T17:43:46.800150Z,254.0,CIB0X4VY,356,23,Male,White,United States,United States,DATA_EXPIRED,English,No,Full-Time
6978f854d31f98ee09320858,5db70dc7a253c0000b364172,APPROVED,Not Applicable,2026-01-27T17:39:36.376000Z,2026-01-27T17:47:04.956000Z,2026-01-27T17:52:00.792000Z,2026-01-27T17:47:05.303623Z,449.0,CIB0X4VY,826,47,Female,White,United Kingdom,United Kingdom,United Kingdom,English,No,Full-Time
6978f8565beb4c451f653b14,6978c4062cc5eb0b456502b9,APPROVED,Not Applicable,2026-01-27T17:40:01.022000Z,2026-01-27T17:44:44.043000Z,2026-01-27T17:46:37.794000Z,2026-01-27T17:44:44.391292Z,284.0,CIB0X4VY,3,22,Female,White,United Kingdom,United Kingdom,United Kingdom,English,No,"Not in paid work (e.g. homemaker', 'retired or disabled)"
6978f859d819d4a0a41f1414,5711c09d28742b0011c585be,APPROVED,Not Applicable,2026-01-27T17:41:20.560000Z,2026-01-27T17:49:52.077000Z,2026-01-27T17:52:01.049000Z,2026-01-27T17:49:52.440844Z,512.0,CIB0X4VY,3390,48,Male,White,United States,United States,United States,English,DATA_EXPIRED,DATA_EXPIRED
6978f8622390237d34d64396,5ed0ff79d782b5000bda8eca,APPROVED,Not Applicable,2026-01-27T17:39:57.178000Z,2026-01-27T17:50:44.305000Z,2026-01-27T17:52:01.280000Z,2026-01-27T17:50:44.625157Z,648.0,CIB0X4VY,1931,55,Male,White,United Kingdom,United Kingdom,United Kingdom,English,No,Full-Time
6978f8643d04931b6c5533dc,671efcc199e22fc57bff41aa,APPROVED,Not Applicable,2026-01-27T17:39:54.010000Z,2026-01-27T17:45:50.680000Z,2026-01-27T17:46:38.073000Z,2026-01-27T17:45:50.986748Z,357.0,CIB0X4VY,901,35,Prefer not to say,Other,United States,United States,United States,English,No,Full-Time
6978f8716712a3514e0aae4f,611e7207aaf352cb4c807e78,APPROVED,Not Applicable,2026-01-27T17:42:42.595000Z,2026-01-27T17:47:22.168000Z,2026-01-27T17:52:01.492000Z,2026-01-27T17:47:22.515868Z,280.0,CIB0X4VY,9496,39,Male,White,United States,United States,United States,English,No,Full-Time
6978f875ec5aca320a57b88b,66200b032829f40f3664afdf,APPROVED,Not Applicable,2026-01-27T17:40:09.851000Z,2026-01-27T17:44:30.460000Z,2026-01-27T17:46:38.417000Z,2026-01-27T17:44:30.799632Z,261.0,CIB0X4VY,5155,50,Female,White,United States,United States,United States,English,DATA_EXPIRED,DATA_EXPIRED
6978f887368e2e7e38280a97,66d59648d2ae3ed38af9f47b,APPROVED,Not Applicable,2026-01-27T17:40:26.861000Z,2026-01-27T17:45:14.710000Z,2026-01-27T17:46:38.723000Z,2026-01-27T17:45:15.047785Z,288.0,CIB0X4VY,2978,60,Female,White,United States,United States,United States,English,No,Unemployed (and job seeking)
6978f8cf58edaccb1d2b5c16,6760546840d6e718fdaeb6af,APPROVED,Not Applicable,2026-01-27T17:50:43.997000Z,2026-01-27T17:56:07.382000Z,2026-01-27T19:25:38.764000Z,2026-01-27T17:56:07.740270Z,324.0,CIB0X4VY,1859,33,Female,White,United Kingdom,United Kingdom,United Kingdom,English,No,Part-Time
6978f8de5b8dd74ad37c175f,59f71f797086f80001941493,APPROVED,Not Applicable,2026-01-27T17:42:06.227000Z,2026-01-27T17:48:01.435000Z,2026-01-27T17:52:01.744000Z,2026-01-27T17:48:01.777380Z,356.0,CIB0X4VY,7641,51,Female,White,United States,United States,United States,English,No,"Not in paid work (e.g. homemaker', 'retired or disabled)"
6978f90fcb04c20dbd0a1b8e,6533ed4d1f4d40995d982559,APPROVED,Not Applicable,2026-01-27T17:42:42.846000Z,2026-01-27T17:48:37.001000Z,2026-01-27T17:52:01.965000Z,2026-01-27T17:48:37.344083Z,355.0,CIB0X4VY,5844,43,Female,Mixed,United States,United States,United States,English,No,Part-Time
6978f926f8f7b77aebfb082a,6266b7c4afe8a0ff03ca1f53,APPROVED,Not Applicable,2026-01-27T17:43:29.370000Z,2026-01-27T17:53:02.659000Z,2026-01-27T19:25:39.066000Z,2026-01-27T17:53:03.020358Z,574.0,CIB0X4VY,4953,52,Male,White,United Kingdom,United Kingdom,United Kingdom,English,No,Other
6978f94a74d51e0902d61288,643adb4a213b87bfc7e21e3f,APPROVED,Not Applicable,2026-01-27T17:43:41.378000Z,2026-01-27T17:51:02.741000Z,2026-01-27T17:52:02.761000Z,2026-01-27T17:51:03.071341Z,442.0,CIB0X4VY,7117,50,Female,Black,United States,United States,United States,English,DATA_EXPIRED,DATA_EXPIRED
6978f94c614e712989105bdf,5dfcf9a12e47259f5bdcd77f,APPROVED,Not Applicable,2026-01-27T17:43:44.586000Z,2026-01-27T17:50:46.489000Z,2026-01-27T17:52:02.970000Z,2026-01-27T17:50:46.821036Z,422.0,CIB0X4VY,1952,37,Male,White,United Kingdom,United Kingdom,United Kingdom,English,DATA_EXPIRED,DATA_EXPIRED
6978f95ff1865f8a8246e154,6080681120aafb19ccb1b916,APPROVED,Not Applicable,2026-01-27T17:44:04.997000Z,2026-01-27T17:49:07.291000Z,2026-01-27T17:52:03.196000Z,2026-01-27T17:49:07.649943Z,303.0,CIB0X4VY,997,26,Female,White,United States,United States,United States,English,No,Full-Time
6978f971f647754c22b47c01,5dcb2bb4ae3b3b814b5fe27d,APPROVED,Not Applicable,2026-01-27T17:44:20.720000Z,2026-01-27T17:52:55.528000Z,2026-01-27T19:25:39.323000Z,2026-01-27T17:52:55.929810Z,515.0,CIB0X4VY,1522,33,Female,White,United Kingdom,United Kingdom,United Kingdom,English,DATA_EXPIRED,DATA_EXPIRED
6978f9c1fc88d0cc5cfa19a2,6978ca5f90bcb505270cd647,APPROVED,Not Applicable,2026-01-27T17:45:42.501000Z,2026-01-27T17:51:50.650000Z,2026-01-27T17:52:03.419000Z,2026-01-27T17:51:51.270431Z,369.0,CIB0X4VY,2,30,Female,White,United States,United Kingdom,DATA_EXPIRED,English,No,Unemployed (and job seeking)
6978f9ca6e2b8c104c055718,678f4e993494748e15fd3a9b,APPROVED,Not Applicable,2026-01-27T17:45:52.284000Z,2026-01-27T17:53:23.783000Z,2026-01-27T19:25:39.584000Z,2026-01-27T17:53:24.133881Z,452.0,CIB0X4VY,752,55,Female,White,United Kingdom,United Kingdom,United Kingdom,English,No,Part-Time
6978fa7a1c5c0f794d405761,5de25e3fce20cd28846a7d5b,APPROVED,Not Applicable,2026-01-27T17:51:05.962000Z,2026-01-27T17:56:05.468000Z,2026-01-27T19:25:39.838000Z,2026-01-27T17:56:05.835415Z,300.0,CIB0X4VY,4851,53,Male,White,United Kingdom,United Kingdom,United Kingdom,English,No,Full-Time
6978fab18aea187b0ccde096,63b9ff9f64549294f0abe3c1,APPROVED,Not Applicable,2026-01-27T17:49:40.926000Z,2026-01-27T17:57:30.915000Z,2026-01-27T19:25:40.107000Z,2026-01-27T17:57:31.267616Z,470.0,CIB0X4VY,4221,72,Female,White,United States,United States,United States,English,DATA_EXPIRED,DATA_EXPIRED
6978fae7475c16aefdd1d36f,6783ebc2e89b75d66d952f41,APPROVED,Not Applicable,2026-01-27T17:50:39.209000Z,2026-01-27T17:56:33.023000Z,2026-01-27T19:25:40.372000Z,2026-01-27T17:56:33.411953Z,354.0,CIB0X4VY,3042,58,Male,White,United Kingdom,United Kingdom,United Kingdom,English,No,Full-Time
6978faee66c4bd861c4204f0,67125dbf051de48bdd548035,APPROVED,Not Applicable,2026-01-27T17:50:44.966000Z,2026-01-27T18:00:29.507000Z,2026-01-27T19:25:40.749000Z,2026-01-27T18:00:29.879234Z,585.0,CIB0X4VY,2398,58,Female,Black,United States,United States,United States,English,No,Full-Time
6978fb26525511288ce35ac8,671c1c699ca32031a83014e8,APPROVED,Not Applicable,2026-01-27T17:51:36.576000Z,2026-01-27T17:54:47.677000Z,2026-01-27T19:25:41.185000Z,2026-01-27T17:54:48.029218Z,192.0,CIB0X4VY,970,35,Male,White,United Kingdom,United Kingdom,United Kingdom,English,No,Part-Time
6978fb28d3ea12297e08af5a,6673e154af89f4f85eaa7c73,APPROVED,Not Applicable,2026-01-27T17:52:03.454000Z,2026-01-27T17:58:22.460000Z,2026-01-27T19:25:41.605000Z,2026-01-27T17:58:22.819685Z,380.0,CIB0X4VY,3009,42,Female,White,United Kingdom,United Kingdom,United Kingdom,English,No,Full-Time
6978fb2ec113bf86fd32011b,6022b900dcd41704c3c8f3f7,APPROVED,Not Applicable,2026-01-27T17:51:45.329000Z,2026-01-27T17:55:19.001000Z,2026-01-27T19:25:41.985000Z,2026-01-27T17:55:19.387191Z,214.0,CIB0X4VY,3026,32,Female,Black,United States,United States,United States,English,No,Part-Time
6978fb527cf54bdd328e170d,5e55915743a1fb59e98dc499,APPROVED,Not Applicable,2026-01-27T17:52:27.013000Z,2026-01-27T18:01:00.027000Z,2026-01-27T19:25:42.376000Z,2026-01-27T18:01:00.378490Z,514.0,CIB0X4VY,1049,31,Male,White,United Kingdom,United Kingdom,United Kingdom,English,No,Full-Time
6978fb5418d09994ff5670d2,5e2f291e81f6df4e781294ed,APPROVED,Not Applicable,2026-01-27T17:52:24.481000Z,2026-01-27T17:58:59.146000Z,2026-01-27T19:25:42.784000Z,2026-01-27T17:58:59.567069Z,395.0,CIB0X4VY,599,24,Female,White,United Kingdom,United Kingdom,United Kingdom,English,No,Part-Time
6978fb541f068cf7dcd9eef3,63d3ff7455fe68b811ef6b57,APPROVED,Not Applicable,2026-01-27T17:52:22.145000Z,2026-01-27T17:55:24.710000Z,2026-01-27T19:25:43.164000Z,2026-01-27T17:55:25.097217Z,183.0,CIB0X4VY,3537,21,Male,White,United Kingdom,United Kingdom,United Kingdom,English,Yes,Other
6978fb5ee1a8f9a54c30349c,6401c41ef621f07e133979e9,APPROVED,Not Applicable,2026-01-27T17:52:34.234000Z,2026-01-27T17:58:29.597000Z,2026-01-27T19:25:43.623000Z,2026-01-27T17:58:29.945347Z,356.0,CIB0X4VY,1762,38,Male,White,United Kingdom,United Kingdom,United Kingdom,English,No,Full-Time
6978fb6158305dda3b15a7e8,5fb344483d8b23a8d2d106ca,APPROVED,Not Applicable,2026-01-27T17:52:41.316000Z,2026-01-27T18:00:38.747000Z,2026-01-27T19:25:44.738000Z,2026-01-27T18:00:39.081431Z,478.0,CIB0X4VY,223,31,Male,White,United Kingdom,United Kingdom,United Kingdom,English,No,Due to start a new job within the next month
6978fb6654e8b8bbf957b9c3,5e3d57c40d3a26000edff2e1,APPROVED,Not Applicable,2026-01-27T17:52:42.216000Z,2026-01-27T17:57:04.347000Z,2026-01-27T19:25:45.148000Z,2026-01-27T17:57:04.700218Z,263.0,CIB0X4VY,2428,25,Male,White,United Kingdom,United Kingdom,United Kingdom,English,No,Part-Time
6978fb744526459328aa7559,66a653ded4b23649d48e2cd8,APPROVED,Not Applicable,2026-01-27T17:52:56.974000Z,2026-01-27T18:00:06.386000Z,2026-01-27T19:25:45.505000Z,2026-01-27T18:00:06.767437Z,430.0,CIB0X4VY,2784,45,Female,White,United States,United States,United States,English,No,Full-Time
6978fb7e952af3cc0f46e1e0,60171c9b1a726593103182b3,APPROVED,Not Applicable,2026-01-27T17:53:13.726000Z,2026-01-27T18:00:21.532000Z,2026-01-27T19:25:45.756000Z,2026-01-27T18:00:21.901564Z,428.0,CIB0X4VY,7627,52,Male,White,United States,United States,United States,English,DATA_EXPIRED,DATA_EXPIRED
6978fb993678d8dbca4c6c6d,5f6f9baca584d55393f7d016,APPROVED,Not Applicable,2026-01-27T17:53:33.263000Z,2026-01-27T17:57:53.315000Z,2026-01-27T19:25:46.035000Z,2026-01-27T17:57:53.660280Z,261.0,CIB0X4VY,1145,47,Female,White,United Kingdom,United Kingdom,United Kingdom,English,No,Full-Time
6978fba360666b6220f5db4d,63ea53e0ddf55cd04e5fc984,APPROVED,Not Applicable,2026-01-27T17:54:01.739000Z,2026-01-27T17:59:41.304000Z,2026-01-27T19:25:46.313000Z,2026-01-27T17:59:41.649703Z,340.0,CIB0X4VY,3684,39,Male,Asian,Liberia,United States,India,English,No,Full-Time
6978fbb41198926dbdb98f1a,5d8a1d20d1afcb0019d7390b,APPROVED,Not Applicable,2026-01-27T17:54:01.045000Z,2026-01-27T18:04:21.947000Z,2026-01-27T19:25:46.661000Z,2026-01-27T18:04:22.321027Z,621.0,CIB0X4VY,12313,75,Male,White,United States,United States,United States,English,No,"Not in paid work (e.g. homemaker', 'retired or disabled)"
6978fbc90ab4b691f455f218,60a7525e98d472c4777d91af,APPROVED,Not Applicable,2026-01-27T17:54:31.946000Z,2026-01-27T17:59:13.417000Z,2026-01-27T19:25:47Z,2026-01-27T17:59:13.777033Z,282.0,CIB0X4VY,814,28,Male,White,United Kingdom,United Kingdom,United Kingdom,English,DATA_EXPIRED,Full-Time
6978fbca01cb6a1ccd73de5d,55d51a6b8ce09000127d4821,APPROVED,Not Applicable,2026-01-27T18:01:10.314000Z,2026-01-27T18:23:29.712000Z,2026-01-27T19:25:47.239000Z,2026-01-27T18:23:30.074300Z,1340.0,CIB0X4VY,9816,36,Male,White,United Kingdom,United Kingdom,United Kingdom,English,No,Full-Time
6978fbcd5db2251b52ef3c6c,62d86c63e2966588c71b9ff2,APPROVED,Not Applicable,2026-01-27T17:54:25.677000Z,2026-01-27T17:58:06.586000Z,2026-01-27T19:25:47.507000Z,2026-01-27T17:58:06.943699Z,221.0,CIB0X4VY,5761,46,Male,White,United States,United States,United States,English,No,DATA_EXPIRED
6978fbce04936292b7f1fa51,671a6d57cb932ed4526d42df,APPROVED,Not Applicable,2026-01-27T17:54:26.832000Z,2026-01-27T17:58:42.139000Z,2026-01-27T19:25:47.752000Z,2026-01-27T17:58:42.505627Z,256.0,CIB0X4VY,1699,24,Female,White,United States,United States,United States,English,DATA_EXPIRED,DATA_EXPIRED
6978fbd7b4e17a8c2f4cfcb1,5588b04ffdf99b7a91e75ddb,APPROVED,Not Applicable,2026-01-27T17:54:35.830000Z,2026-01-27T18:02:30.655000Z,2026-01-27T19:25:48.018000Z,2026-01-27T18:02:31.048916Z,475.0,CIB0X4VY,8473,58,Male,White,United States,United States,United States,English,No,Full-Time
6978fbdb74d51e0902d612cf,5ea00d4b1286ee0008405450,APPROVED,Not Applicable,2026-01-27T17:54:53.673000Z,2026-01-27T18:02:31.399000Z,2026-01-27T19:25:48.263000Z,2026-01-27T18:02:31.735496Z,458.0,CIB0X4VY,3820,61,Female,White,United Kingdom,United Kingdom,United Kingdom,English,No,Other
6978fbdc407296e3cf7d05ba,601171f52ffe110619bc0d93,APPROVED,Not Applicable,2026-01-27T17:56:51.090000Z,2026-01-27T18:06:15.641000Z,2026-01-27T19:25:48.581000Z,2026-01-27T18:06:16.006950Z,565.0,CIB0X4VY,1105,58,Female,Black,United Kingdom,United Kingdom,United Kingdom,English,No,Full-Time
6978fbe7123a2347afd6403a,662948ed99960b11f2f8e3fe,APPROVED,Not Applicable,2026-01-27T17:55:33.550000Z,2026-01-27T18:13:52.131000Z,2026-01-27T19:25:48.858000Z,2026-01-27T18:13:52.464822Z,1099.0,CIB0X4VY,5697,45,Female,White,United States,United States,United States,English,No,Full-Time
6978fbec864f0778ab404590,66597efb84cb793eeaa06ef8,APPROVED,Not Applicable,2026-01-27T18:00:01.192000Z,2026-01-27T18:07:50.939000Z,2026-01-27T19:25:49.113000Z,2026-01-27T18:07:51.283306Z,470.0,CIB0X4VY,2149,49,Male,White,United Kingdom,United Kingdom,United Kingdom,English,DATA_EXPIRED,DATA_EXPIRED
6978fbfd9506f313e2d601bb,66f4a91ab3891338de6e6107,APPROVED,Not Applicable,2026-01-27T17:55:15.105000Z,2026-01-27T18:02:04.028000Z,2026-01-27T19:25:49.374000Z,2026-01-27T18:02:04.410278Z,409.0,CIB0X4VY,1482,59,Female,White,United Kingdom,United Kingdom,United Kingdom,English,No,Part-Time
6978fc0bd2c8f8473e48c12b,681b72a2c71900147281b597,APPROVED,Not Applicable,2026-01-27T17:55:30.344000Z,2026-01-27T18:01:08.306000Z,2026-01-27T19:25:49.719000Z,2026-01-27T18:01:08.650176Z,338.0,CIB0X4VY,389,51,Male,White,United Kingdom,United Kingdom,United Kingdom,English,No,Full-Time
6978fc0d64ea6d4d4f94955d,5f0d610d72b0f27721ee3450,APPROVED,Not Applicable,2026-01-27T17:55:45.733000Z,2026-01-27T18:01:31.769000Z,2026-01-27T19:25:50.099000Z,2026-01-27T18:01:32.155255Z,347.0,CIB0X4VY,3406,30,Male,White,United Kingdom,United Kingdom,United Kingdom,English,No,Full-Time
6978fc1424a481a5d1d0ea9f,6683f9cded466c62ba631d9e,APPROVED,Not Applicable,2026-01-27T17:55:38.077000Z,2026-01-27T18:00:53.638000Z,2026-01-27T19:25:50.508000Z,2026-01-27T18:00:54.046413Z,316.0,CIB0X4VY,1569,50,Male,White,United Kingdom,United Kingdom,United Kingdom,English,DATA_EXPIRED,Full-Time
6978fc1a171fc6b0375136dd,5e469f9ef0d398000b1f13f2,APPROVED,Not Applicable,2026-01-27T17:55:38.701000Z,2026-01-27T18:01:43.626000Z,2026-01-27T19:25:50.913000Z,2026-01-27T18:01:43.944868Z,365.0,CIB0X4VY,5360,55,Male,White,United Kingdom,United Kingdom,United Kingdom,English,No,Part-Time
6978fc4bcb969896c508ae74,5edf878332e230257937edd1,APPROVED,Not Applicable,2026-01-27T17:56:32.605000Z,2026-01-27T18:01:33.523000Z,2026-01-27T19:25:51.295000Z,2026-01-27T18:01:33.901908Z,301.0,CIB0X4VY,914,48,Male,White,United Kingdom,United Kingdom,United Kingdom,English,Yes,Full-Time
6978fc55edc0f6ba1796bf39,62b9c2f1e55fe9f17dfedc5d,APPROVED,Not Applicable,2026-01-27T17:57:12.276000Z,2026-01-27T18:11:57.267000Z,2026-01-27T19:25:51.667000Z,2026-01-27T18:12:20.850060Z,885.0,CIB0X4VY,11010,47,Female,Black,United States,United States,United States,English,No,Unemployed (and job seeking)
6978fc7f77740baee1447d50,5b780cc655f12e0001b4d85a,APPROVED,Not Applicable,2026-01-27T17:57:23.913000Z,2026-01-27T18:04:28.768000Z,2026-01-27T19:25:52.109000Z,2026-01-27T18:04:29.153711Z,425.0,CIB0X4VY,2797,54,Male,White,United Kingdom,United Kingdom,United Kingdom,English,No,Full-Time
6978fcbfcbc5e802a9122ff5,5f57be602095072bb238a7ab,APPROVED,Not Applicable,2026-01-27T17:58:39.214000Z,2026-01-27T18:02:48.572000Z,2026-01-27T19:25:52.515000Z,2026-01-27T18:02:48.918291Z,250.0,CIB0X4VY,5450,49,Female,White,United Kingdom,United Kingdom,United Kingdom,English,No,Part-Time
6978fcc67ecc8f750092cd9a,62877d5f6a054e53313ac916,APPROVED,Not Applicable,2026-01-27T18:01:12.456000Z,2026-01-27T18:05:11.428000Z,2026-01-27T19:25:52.903000Z,2026-01-27T18:05:11.818466Z,239.0,CIB0X4VY,13938,30,Male,White,United States,United States,United States,English,DATA_EXPIRED,DATA_EXPIRED
6978fce90adcfcf0ac31c7a4,5bf4afe0b8e9f800014c9c0b,APPROVED,Not Applicable,2026-01-27T17:59:08.003000Z,2026-01-27T18:03:56.031000Z,2026-01-27T19:25:53.322000Z,2026-01-27T18:03:56.410253Z,289.0,CIB0X4VY,12456,51,Male,White,United States,United States,United States,English,No,Full-Time
6978fd0842417b5dee48ce14,66e36f486ca7e6924fa02ff3,APPROVED,Not Applicable,2026-01-27T17:59:41.919000Z,2026-01-27T18:06:33.984000Z,2026-01-27T19:25:53.646000Z,2026-01-27T18:06:34.346095Z,413.0,CIB0X4VY,3057,53,Female,Mixed,United States,United States,United States,English,No,Unemployed (and job seeking)
6978fdc6a7c4aff0fbb51c89,66d1a34290c0181302a08f66,APPROVED,Not Applicable,2026-01-27T18:02:53.659000Z,2026-01-27T18:08:42.842000Z,2026-01-27T19:25:53.992000Z,2026-01-27T18:08:43.201809Z,350.0,CIB0X4VY,4386,41,Female,White,United States,United States,United States,English,DATA_EXPIRED,DATA_EXPIRED
6978fdcbe8859dc36597faf7,5be061e55db0ca0001b38676,APPROVED,Not Applicable,2026-01-27T18:02:56.061000Z,2026-01-27T18:16:12.798000Z,2026-01-27T19:25:54.359000Z,2026-01-27T18:16:13.142486Z,797.0,CIB0X4VY,160,29,Female,Mixed,Malaysia,United Kingdom,United Kingdom,English,No,Other
6978fdd97f4768688d2bfd77,657f5cb338e31904b66cd970,APPROVED,Not Applicable,2026-01-27T18:03:09.624000Z,2026-01-27T18:08:41.462000Z,2026-01-27T19:25:54.714000Z,2026-01-27T18:08:41.831759Z,332.0,CIB0X4VY,6759,48,Female,White,United States,United States,United States,English,No,"Not in paid work (e.g. homemaker', 'retired or disabled)"
6978fe09ed3ce71ae397068f,695be81cff5933e82a967d04,APPROVED,Not Applicable,2026-01-27T18:03:55.691000Z,2026-01-27T18:10:10.223000Z,2026-01-27T19:25:55.136000Z,2026-01-27T18:10:10.572922Z,375.0,CIB0X4VY,289,32,Male,Prefer not to say,United States,United States,DATA_EXPIRED,English,No,Unemployed (and job seeking)
6978fe1e52197544815ca8fe,6978db5bcd14f55f1d2d45ac,APPROVED,Not Applicable,2026-01-27T18:04:21.739000Z,2026-01-27T18:26:29.218000Z,2026-01-27T19:25:55.421000Z,2026-01-27T18:28:10.364600Z,1328.0,CIB0X4VY,1,30,Female,Black,Nigeria,United Kingdom,DATA_EXPIRED,English,No,Unemployed (and job seeking)
6978fe2b87d5f94c44e540e7,675c6db4887ccdd0d3d15534,APPROVED,Not Applicable,2026-01-27T18:04:30.692000Z,2026-01-27T18:11:59.630000Z,2026-01-27T19:25:55.668000Z,2026-01-27T18:11:59.980419Z,449.0,CIB0X4VY,3094,44,Female,Asian,Korea,United States,Korea,English,No,Full-Time
6978fe31d6c1b57a705371e9,65739d1975f2f4dae500f513,APPROVED,Not Applicable,2026-01-27T18:04:39.028000Z,2026-01-27T18:13:44.569000Z,2026-01-27T19:25:55.909000Z,2026-01-27T18:13:44.918283Z,546.0,CIB0X4VY,2327,48,Female,Mixed,United States,United States,United States,English,DATA_EXPIRED,DATA_EXPIRED
6978fef071fabcaac13de5f6,64491afdfd7c9850dbe34166,APPROVED,Not Applicable,2026-01-27T18:07:44.388000Z,2026-01-27T18:16:35.707000Z,2026-01-27T19:25:56.161000Z,2026-01-27T18:16:36.063375Z,532.0,CIB0X4VY,2893,57,Female,White,United Kingdom,United Kingdom,United Kingdom,English,No,"Not in paid work (e.g. homemaker', 'retired or disabled)"
6978ff1f2fd50c60960e62ba,6120cea050e9bce18a162223,APPROVED,Not Applicable,2026-01-27T18:08:43.523000Z,2026-01-27T18:13:44.842000Z,2026-01-27T19:25:56.422000Z,2026-01-27T18:13:45.172889Z,302.0,CIB0X4VY,3130,32,Male,White,United Kingdom,United Kingdom,United Kingdom,English,No,Full-Time
6978ff2e25dcf1dc2a109970,60c770aa2d2928bfda4c7cd4,APPROVED,Not Applicable,2026-01-27T18:08:52.080000Z,2026-01-27T18:13:14.652000Z,2026-01-27T19:25:56.667000Z,2026-01-27T18:13:15.045002Z,263.0,CIB0X4VY,13941,65,Male,White,United States,United States,United States,English,No,Full-Time
6978ff392d6036f921d63fa1,661db80aebfb3f4250cf72e5,APPROVED,Not Applicable,2026-01-27T18:09:07.623000Z,2026-01-27T18:20:04.587000Z,2026-01-27T19:25:56.891000Z,2026-01-27T18:20:04.945336Z,657.0,CIB0X4VY,1492,76,Female,White,United States,United States,United States,English,No,"Not in paid work (e.g. homemaker', 'retired or disabled)"
6978ff7a1f068cf7dcd9ef5a,570d30d942a1db000fc4cf87,APPROVED,Not Applicable,2026-01-27T18:10:08.297000Z,2026-01-27T18:19:27.310000Z,2026-01-27T19:25:57.134000Z,2026-01-27T18:19:27.705166Z,560.0,CIB0X4VY,4494,63,Female,White,United States,United States,United States,English,No,Full-Time
6978ff7c40efad1076e1315e,5e176b2163c7a407ce2f02a1,APPROVED,Not Applicable,2026-01-27T18:11:50.979000Z,2026-01-27T18:17:00.552000Z,2026-01-27T19:25:57.388000Z,2026-01-27T18:17:00.922577Z,310.0,CIB0X4VY,9376,56,Female,White,United States,United States,United States,English,No,Part-Time
6978ff94b5b8ff5f5ee6d308,6658b6838e28e3383feae335,APPROVED,Not Applicable,2026-01-27T18:10:38.311000Z,2026-01-27T18:18:33.406000Z,2026-01-27T19:25:57.625000Z,2026-01-27T18:18:33.765428Z,476.0,CIB0X4VY,1903,49,Female,White,United Kingdom,United Kingdom,United Kingdom,English,No,Full-Time
6978ffa08abfbfdc09ebe1f0,6329e23d509947bfd4c50ab3,APPROVED,Not Applicable,2026-01-27T18:10:48.802000Z,2026-01-27T18:18:07.006000Z,2026-01-27T19:25:57.994000Z,2026-01-27T18:18:07.374960Z,439.0,CIB0X4VY,4523,30,Female,White,United States,United States,United States,English,No,"Not in paid work (e.g. homemaker', 'retired or disabled)"
6978ffaff28b15d59d2bfbba,62b5e2bd8c3c515ab19b911a,APPROVED,Not Applicable,2026-01-27T18:10:58.988000Z,2026-01-27T18:16:37.846000Z,2026-01-27T19:25:58.419000Z,2026-01-27T18:16:38.250922Z,339.0,CIB0X4VY,930,37,Male,White,United Kingdom,United Kingdom,United Kingdom,English,No,Full-Time
6979000abf7015e06e405725,675b16f0514be6ed013afa4a,APPROVED,Not Applicable,2026-01-27T18:12:33.833000Z,2026-01-27T18:16:03.075000Z,2026-01-27T19:25:58.798000Z,2026-01-27T18:16:03.437374Z,210.0,CIB0X4VY,1040,31,Male,White,United Kingdom,United Kingdom,United Kingdom,English,No,Full-Time
69790015d68ef2e30367a34b,60ce6af707bcd42cbc885210,APPROVED,Not Applicable,2026-01-27T18:13:14.509000Z,2026-01-27T18:20:53.553000Z,2026-01-27T19:25:59.210000Z,2026-01-27T18:20:53.900905Z,460.0,CIB0X4VY,2982,69,Female,White,United Kingdom,United Kingdom,United Kingdom,English,No,"Not in paid work (e.g. homemaker', 'retired or disabled)"
69790088d0756c59540a9607,5dd61f689740545c506ee244,APPROVED,Not Applicable,2026-01-27T18:14:37.301000Z,2026-01-27T18:26:04.325000Z,2026-01-27T19:25:59.619000Z,2026-01-27T18:26:04.722311Z,688.0,CIB0X4VY,10567,44,Female,White,United States,United States,United States,English,No,Full-Time
697900fb5643e1ccbb862f00,57d5ab3a722df500017f3622,APPROVED,Not Applicable,2026-01-27T18:21:16.651000Z,2026-01-27T18:26:05.776000Z,2026-01-27T19:26:00.007000Z,2026-01-27T18:26:06.237445Z,290.0,CIB0X4VY,9782,45,Male,White,United Kingdom,United Kingdom,United Kingdom,English,No,Full-Time
69790171bea89722956540ab,65df337b8dc407fe8c4369c1,APPROVED,Not Applicable,2026-01-27T18:18:28.113000Z,2026-01-27T18:22:49.470000Z,2026-01-27T19:26:00.418000Z,2026-01-27T18:22:49.831698Z,262.0,CIB0X4VY,1281,38,Female,White,United Kingdom,United Kingdom,United Kingdom,English,Yes,Full-Time
6979017d70f3e5bb0d1a653f,66d8790772c9e0e4ee96259c,APPROVED,Not Applicable,2026-01-27T18:18:43.467000Z,2026-01-27T18:24:23.347000Z,2026-01-27T19:26:01.588000Z,2026-01-27T18:24:23.707503Z,340.0,CIB0X4VY,7916,45,Male,White,United States,United States,United States,English,No,Full-Time
697905f87101b7d9eefd4a4e,673f5caf2dc042d5aac332e5,APPROVED,Not Applicable,2026-01-27T18:37:47.466000Z,2026-01-27T18:45:05.280000Z,2026-01-27T19:26:01.873000Z,2026-01-27T18:45:05.705239Z,438.0,CIB0X4VY,3508,39,Male,White,United States,United States,United States,English,No,Part-Time
697906d93b7f949c4a6aede1,6759cf4aa98832e7c32a61b3,APPROVED,Not Applicable,2026-01-27T18:41:47.169000Z,2026-01-27T18:51:37.386000Z,2026-01-27T19:26:02.145000Z,2026-01-27T18:51:37.717354Z,591.0,CIB0X4VY,2074,54,Female,White,United Kingdom,United Kingdom,United Kingdom,English,No,DATA_EXPIRED
6979073b7002c6be8dda7d49,5d960c43fbfe0500171450c7,APPROVED,Not Applicable,2026-01-27T18:43:11.380000Z,2026-01-27T18:47:09.168000Z,2026-01-27T19:26:02.397000Z,2026-01-27T18:47:09.512744Z,238.0,CIB0X4VY,2956,54,Male,White,United Kingdom,United Kingdom,United Kingdom,English,No,Part-Time
69790754303dcba64cf67402,6101555460885dc993940821,APPROVED,Not Applicable,2026-01-27T18:43:38.366000Z,2026-01-27T18:48:39.844000Z,2026-01-27T19:26:02.640000Z,2026-01-27T18:48:40.183138Z,302.0,CIB0X4VY,492,47,Male,White,United Kingdom,United Kingdom,United Kingdom,English,DATA_EXPIRED,DATA_EXPIRED
6979080aef9e33d480d9c90c,598f22af33481c000164d359,APPROVED,Not Applicable,2026-01-27T18:46:40.726000Z,2026-01-27T18:54:02.855000Z,2026-01-27T19:26:02.898000Z,2026-01-27T18:54:03.216468Z,443.0,CIB0X4VY,651,54,Female,White,United Kingdom,United Kingdom,United Kingdom,English,No,Full-Time
697911520bca429dd560b342,5eca46c6c1e2c601290bab15,APPROVED,Not Applicable,2026-01-27T19:26:14.927000Z,2026-01-27T19:31:35.939000Z,2026-01-27T19:46:29.815000Z,2026-01-27T19:31:36.287466Z,322.0,CIB0X4VY,2579,61,Male,White,United Kingdom,United Kingdom,United Kingdom,English,DATA_EXPIRED,DATA_EXPIRED
697911522ca2550dd1161ffd,66bbafb05de7e549455aa4ff,APPROVED,Not Applicable,2026-01-27T19:27:34.972000Z,2026-01-27T19:35:24.197000Z,2026-01-27T19:46:30.222000Z,2026-01-27T19:35:24.570805Z,470.0,CIB0X4VY,5290,46,Male,White,United Kingdom,United Kingdom,United Kingdom,English,No,Full-Time
69791153e00a186db0d9614e,672a401ef9623837c59f3af2,APPROVED,Not Applicable,2026-01-27T19:26:19.685000Z,2026-01-27T19:33:06.281000Z,2026-01-27T19:46:30.599000Z,2026-01-27T19:33:06.690411Z,407.0,CIB0X4VY,818,33,Female,Black,Kenya,United Kingdom,United Kingdom,English,No,Part-Time
69791154518eaec47ca9d06b,5be1fe1eca095c0001ba077a,APPROVED,Not Applicable,2026-01-27T19:26:44.917000Z,2026-01-27T19:37:39.633000Z,2026-01-27T19:46:30.944000Z,2026-01-27T19:37:39.992205Z,655.0,CIB0X4VY,2298,53,Female,White,Estonia,United Kingdom,Estonia,English,DATA_EXPIRED,Full-Time
6979115ab7a9ee2bc21a9b22,6702c3ee33eed6369eb34c8f,APPROVED,Not Applicable,2026-01-27T19:26:34.265000Z,2026-01-27T19:34:03.102000Z,2026-01-27T19:46:31.259000Z,2026-01-27T19:34:03.430899Z,449.0,CIB0X4VY,1167,45,Male,Mixed,United States,United States,United States,English,No,Part-Time
6979115c2027b31442721523,573a34f614f69e000d7d670f,APPROVED,Not Applicable,2026-01-27T19:26:26.251000Z,2026-01-27T19:32:42.295000Z,2026-01-27T19:46:31.535000Z,2026-01-27T19:32:42.655558Z,377.0,CIB0X4VY,5173,45,Male,White,United Kingdom,United Kingdom,United Kingdom,English,No,Full-Time
6979117f736255e708e92bd9,5dde8961a4aa26f2f73d785b,APPROVED,Not Applicable,2026-01-27T19:27:03.320000Z,2026-01-27T19:34:46.121000Z,2026-01-27T19:46:31.831000Z,2026-01-27T19:34:46.477842Z,463.0,CIB0X4VY,3044,57,Female,White,United States,United States,United States,English,No,Other
697911b58f953bc0b8db82ed,5f639c21192b540a86e6e559,APPROVED,Not Applicable,2026-01-27T19:27:52.136000Z,2026-01-27T19:36:54.927000Z,2026-01-27T19:46:32.231000Z,2026-01-27T19:36:55.277459Z,543.0,CIB0X4VY,2006,41,Female,White,United Kingdom,United Kingdom,United Kingdom,English,No,"Not in paid work (e.g. homemaker', 'retired or disabled)"
697911c229aae26d850a0d1b,632e0fd7424f2848637d173f,APPROVED,Not Applicable,2026-01-27T19:28:05.810000Z,2026-01-27T19:34:32.056000Z,2026-01-27T19:46:32.451000Z,2026-01-27T19:34:32.424890Z,387.0,CIB0X4VY,1258,38,Female,White,United States,United States,United States,English,DATA_EXPIRED,DATA_EXPIRED
697911c4b562aea2fe1be8ed,6717f0ac88d9f27d9b79af31,APPROVED,Not Applicable,2026-01-27T19:28:08.315000Z,2026-01-27T19:33:17.218000Z,2026-01-27T19:46:32.709000Z,2026-01-27T19:33:17.596401Z,309.0,NOCODE,1808,50,Female,White,United States,United States,United States,English,No,Full-Time
697911c751e3f696b4640bc5,62ac71cec3309a48781684eb,APPROVED,Not Applicable,2026-01-27T19:28:11.683000Z,2026-01-27T19:32:42.860000Z,2026-01-27T19:46:34.170000Z,2026-01-27T19:32:43.234178Z,272.0,CIB0X4VY,1774,34,Male,White,United Kingdom,United Kingdom,United Kingdom,English,DATA_EXPIRED,DATA_EXPIRED
697911c779323aa79a7414b1,6547a05ca3b182bd3f2d9af8,APPROVED,Not Applicable,2026-01-27T19:28:11.248000Z,2026-01-27T19:36:01.693000Z,2026-01-27T19:46:34.408000Z,2026-01-27T19:36:02.066242Z,471.0,NOCODE,5008,32,Female,White,United States,United States,United States,English,No,Part-Time
697911ca754fce1ba4ae016c,62162ab583fc823e78c025e2,APPROVED,Not Applicable,2026-01-27T19:28:15.234000Z,2026-01-27T19:35:33.676000Z,2026-01-27T19:46:34.658000Z,2026-01-27T19:35:34.093156Z,439.0,CIB0X4VY,9487,62,Female,White,United States,United States,United States,English,Yes,Part-Time
697911ccc78a24256331764c,5fc50bb38378c80ac88354ef,APPROVED,Not Applicable,2026-01-27T19:28:19.867000Z,2026-01-27T19:45:17.749000Z,2026-01-27T19:46:34.877000Z,2026-01-27T19:45:18.083259Z,1018.0,CIB0X4VY,8949,68,Female,Black,United States,United States,United States,English,No,"Not in paid work (e.g. homemaker', 'retired or disabled)"
697911cd632d5f5f4e4e831c,617323e630f3fa36361cb35b,APPROVED,Not Applicable,2026-01-27T19:28:17.351000Z,2026-01-27T19:33:08.322000Z,2026-01-27T19:46:35.129000Z,2026-01-27T19:33:08.678448Z,291.0,CIB0X4VY,8008,55,Female,White,United States,United States,United States,English,No,Full-Time
697911d18dc4a9fc43593652,6978c3ac6f6f733f7fa19882,APPROVED,Not Applicable,2026-01-27T19:28:24.413000Z,2026-01-27T19:34:51.507000Z,2026-01-27T19:46:35.363000Z,2026-01-27T19:34:51.857663Z,388.0,CIB0X4VY,4,32,Female,White,United Kingdom,United Kingdom,United Kingdom,English,No,Part-Time
697911d2f2371729224a4786,5f6b8930b9d9530b1b065360,APPROVED,Not Applicable,2026-01-27T19:28:24.443000Z,2026-01-27T19:34:30.812000Z,2026-01-27T19:46:35.581000Z,2026-01-27T19:34:31.156072Z,367.0,CIB0X4VY,12461,43,Male,White,United States,United States,United States,English,No,Full-Time
697911dda3ad3adfa6aaf4a0,5f50159de247cd17cf2ff86a,APPROVED,Not Applicable,2026-01-27T19:28:33.313000Z,2026-01-27T19:34:24.837000Z,2026-01-27T19:46:35.801000Z,2026-01-27T19:34:25.229145Z,352.0,CIB0X4VY,1709,35,Female,White,United Kingdom,United Kingdom,United Kingdom,English,No,"Not in paid work (e.g. homemaker', 'retired or disabled)"
697911dfa07759f648f8a1ea,66779b54dfca48b1e171a63b,APPROVED,Not Applicable,2026-01-27T19:28:40.186000Z,2026-01-27T19:37:05.178000Z,2026-01-27T19:46:36.067000Z,2026-01-27T19:37:05.659007Z,505.0,CIB0X4VY,1796,65,Male,Other,United States,United States,United States,English,No,Other
6979122c071bff72d78a48fb,6266b0409582f553a3e10d9a,APPROVED,Not Applicable,2026-01-27T19:29:53.611000Z,2026-01-27T19:35:40.407000Z,2026-01-27T19:46:36.288000Z,2026-01-27T19:35:40.778983Z,347.0,CIB0X4VY,4644,56,Male,White,Zimbabwe,United Kingdom,United Kingdom,English,No,Full-Time
69791249dbf171385562f319,5c0f500787e876000151fc5f,APPROVED,Not Applicable,2026-01-27T19:30:22.440000Z,2026-01-27T19:35:24.788000Z,2026-01-27T19:46:36.503000Z,2026-01-27T19:35:25.168645Z,303.0,CIB0X4VY,8485,46,Male,White,United States,United States,United States,English,Yes,Part-Time
6979124eee349d20668b9380,66cbd449c6029aaeeafcb71f,APPROVED,Not Applicable,2026-01-27T19:30:28.027000Z,2026-01-27T19:38:40.202000Z,2026-01-27T19:46:36.715000Z,2026-01-27T19:38:40.583533Z,493.0,CIB0X4VY,2223,42,Female,White,United States,United States,United States,English,No,DATA_EXPIRED
697912541fa2502e20d86d5d,6629497a938b0963356f7002,APPROVED,Not Applicable,2026-01-27T19:30:32.703000Z,2026-01-27T19:38:33.537000Z,2026-01-27T19:46:36.952000Z,2026-01-27T19:38:33.901094Z,481.0,CIB0X4VY,3276,50,Female,White,United States,United States,United States,English,No,"Not in paid work (e.g. homemaker', 'retired or disabled)"
697912582e397464ecf2d410,66cd40ce9bb246e2dc55429e,APPROVED,Not Applicable,2026-01-27T19:34:39.758000Z,2026-01-27T19:44:33.892000Z,2026-01-27T19:46:37.205000Z,2026-01-27T19:44:34.245842Z,595.0,CIB0X4VY,825,35,Male,White,United States,United States,United States,English,DATA_EXPIRED,DATA_EXPIRED
697912889251eb73e333fff1,653b00b25d4734b333b03fc9,APPROVED,Not Applicable,2026-01-27T19:31:30.844000Z,2026-01-27T19:39:24.097000Z,2026-01-27T19:46:37.432000Z,2026-01-27T19:39:24.466290Z,474.0,CIB0X4VY,5429,67,Male,White,United States,United States,United States,English,No,"Not in paid work (e.g. homemaker', 'retired or disabled)"
697912ba964281e82f5660ef,66293da691cec8862619b1dc,APPROVED,Not Applicable,2026-01-27T19:32:20.420000Z,2026-01-27T19:39:31.389000Z,2026-01-27T19:46:37.662000Z,2026-01-27T19:39:31.738110Z,431.0,CIB0X4VY,1837,47,Female,White,United States,United States,United States,English,No,Part-Time
697912bf9aa9acac7be28cae,60fda57e0916dfe2157c9b00,APPROVED,Not Applicable,2026-01-27T19:32:18.294000Z,2026-01-27T19:37:35.837000Z,2026-01-27T19:46:37.875000Z,2026-01-27T19:37:36.205259Z,318.0,CIB0X4VY,10996,26,Female,White,United States,United States,United States,English,Yes,Full-Time
697912c6f2ad3f6802756f7d,6978c788c51571edee2e4fb7,APPROVED,Not Applicable,2026-01-27T19:32:30.160000Z,2026-01-27T19:39:51.595000Z,2026-01-27T19:46:38.137000Z,2026-01-27T19:39:51.968365Z,442.0,CIB0X4VY,0,32,Female,Black,United Kingdom,United Kingdom,DATA_EXPIRED,English,No,Full-Time
6979130360588a4a79c14c6c,5d9b7f29654a3102c8112b63,APPROVED,Not Applicable,2026-01-27T19:33:29.322000Z,2026-01-27T19:39:40.958000Z,2026-01-27T19:46:38.490000Z,2026-01-27T19:39:41.299635Z,372.0,CIB0X4VY,3878,59,Female,White,United States,United States,United States,English,No,"Not in paid work (e.g. homemaker', 'retired or disabled)"
6979135062a01f530018923c,664df024c7ce709382bea0ed,APPROVED,Not Applicable,2026-01-27T19:34:47.613000Z,2026-01-27T19:42:16.803000Z,2026-01-27T19:46:38.723000Z,2026-01-27T19:42:17.168877Z,450.0,CIB0X4VY,3209,35,Female,White,United Kingdom,United Kingdom,United Kingdom,English,No,Full-Time
697913bd9ed155965edf7736,590d01e44196c20001df3b05,APPROVED,Not Applicable,2026-01-27T19:36:29.424000Z,2026-01-27T19:44:51.619000Z,2026-01-27T19:46:38.972000Z,2026-01-27T19:44:51.973674Z,503.0,CIB0X4VY,1430,47,Male,White,United Kingdom,United Kingdom,United Kingdom,English,No,Full-Time
697913d1159fdb53aeffbc88,65e9ced91365812f0b0bea04,APPROVED,Not Applicable,2026-01-27T19:36:52.565000Z,2026-01-27T19:51:01.468000Z,2026-01-27T19:59:48.463000Z,2026-01-27T19:51:01.807631Z,849.0,CIB0X4VY,1843,37,Male,Black,United States,United States,United States,English,DATA_EXPIRED,DATA_EXPIRED
697914012579387d15f9790e,67add383589c14add2318b76,APPROVED,Not Applicable,2026-01-27T19:37:40.990000Z,2026-01-27T19:56:01.886000Z,2026-01-27T19:59:48.757000Z,2026-01-27T19:56:02.228243Z,1101.0,CIB0X4VY,1339,27,Male,White,United Kingdom,United Kingdom,United Kingdom,English,Yes,Full-Time
697914132ff3301bc3080818,611bcfb66766d27a2ae33300,APPROVED,Not Applicable,2026-01-27T19:38:11.592000Z,2026-01-27T19:49:41.469000Z,2026-01-27T19:59:49.058000Z,2026-01-27T19:49:41.890992Z,690.0,CIB0X4VY,862,77,Female,White,United Kingdom,United Kingdom,United Kingdom,English,No,"Not in paid work (e.g. homemaker', 'retired or disabled)"
69791428e5a5e7384d41edfb,5977986837d15f00016f1d08,APPROVED,Not Applicable,2026-01-27T19:38:20.514000Z,2026-01-27T19:43:38.619000Z,2026-01-27T19:46:39.209000Z,2026-01-27T19:43:38.990669Z,319.0,CIB0X4VY,2885,50,Female,White,United Kingdom,United Kingdom,United Kingdom,English,No,DATA_EXPIRED
697914349547b581847f840d,5ec7ec01fc75cf27b5dd16ee,APPROVED,Not Applicable,2026-01-27T19:38:32.402000Z,2026-01-27T19:43:15.039000Z,2026-01-27T19:46:39.457000Z,2026-01-27T19:43:15.377471Z,283.0,CIB0X4VY,4775,32,Male,White,United States,United States,United States,English,No,Full-Time
697914997067ba79606ff861,671a528fe9658f0a32bd55ce,APPROVED,Not Applicable,2026-01-27T19:40:14.306000Z,2026-01-27T19:48:04.593000Z,2026-01-27T19:59:49.307000Z,2026-01-27T19:48:04.927618Z,471.0,CIB0X4VY,2274,34,Male,White,United Kingdom,United Kingdom,United Kingdom,English,No,Full-Time
6979151aa598eef8f3020da4,694553e6d56e27176c33daf0,APPROVED,Not Applicable,2026-01-27T19:42:21.812000Z,2026-01-27T19:49:51.516000Z,2026-01-27T19:59:49.587000Z,2026-01-27T19:49:51.894568Z,450.0,CIB0X4VY,228,29,Female,Mixed,United States,United States,United States,English,No,Full-Time
69791520dbfa0d775621e7a3,6475f6ae824f9aa5342903fa,APPROVED,Not Applicable,2026-01-27T19:42:33.848000Z,2026-01-27T19:50:38.867000Z,2026-01-27T19:59:49.838000Z,2026-01-27T19:50:39.211321Z,486.0,CIB0X4VY,1599,69,Male,White,United Kingdom,United Kingdom,United Kingdom,English,No,"Not in paid work (e.g. homemaker', 'retired or disabled)"
69791525a50cf9eff6c74095,6137753896c9b6b5813a2432,APPROVED,Not Applicable,2026-01-27T19:42:35.110000Z,2026-01-27T19:53:03.307000Z,2026-01-27T19:59:50.109000Z,2026-01-27T19:53:03.659606Z,629.0,CIB0X4VY,3299,56,Female,White,United Kingdom,United Kingdom,United Kingdom,English,No,"Not in paid work (e.g. homemaker', 'retired or disabled)"
697915527764878cc7081958,5ff07b5ee7a1d23e719e421e,APPROVED,Not Applicable,2026-01-27T19:43:19.975000Z,2026-01-27T19:52:16.346000Z,2026-01-27T19:59:51.330000Z,2026-01-27T19:52:16.726879Z,537.0,CIB0X4VY,13263,71,Female,White,United States,United States,United States,English,No,"Not in paid work (e.g. homemaker', 'retired or disabled)"
6979159b4bc4398632b622f6,6718fa3043e1839e51351385,APPROVED,Not Applicable,2026-01-27T19:44:33.211000Z,2026-01-27T19:54:39.443000Z,2026-01-27T19:59:51.624000Z,2026-01-27T19:54:39.789305Z,607.0,CIB0X4VY,1112,34,Female,Black,Nigeria,United Kingdom,Nigeria,English,No,Full-Time
6979162f1b7dd520c5890b9b,651090beae417ded35c4ef2f,APPROVED,Not Applicable,2026-01-27T19:46:55.150000Z,2026-01-27T19:58:17.800000Z,2026-01-27T19:59:51.976000Z,2026-01-27T19:58:18.184089Z,683.0,CIB0X4VY,6997,74,Female,White,United States,United States,United States,English,No,"Not in paid work (e.g. homemaker', 'retired or disabled)"
6979168981f15263cb6c9223,5cc492b6155841001a26c24a,APPROVED,Not Applicable,2026-01-27T19:48:28.716000Z,2026-01-27T19:52:29.314000Z,2026-01-27T19:59:52.425000Z,2026-01-27T19:52:29.651119Z,241.0,CIB0X4VY,2618,39,Male,White,United Kingdom,United Kingdom,United Kingdom,English,No,Full-Time
6979169e3808faddfecf6edc,6341b7b2e340e467cab1363b,APPROVED,Not Applicable,2026-01-27T19:48:49.094000Z,2026-01-27T19:56:25.268000Z,2026-01-27T19:59:52.850000Z,2026-01-27T19:56:25.657374Z,457.0,CIB0X4VY,8219,56,Male,White,United States,United States,United States,English,No,Part-Time
69791775b219a4a3b70157c8,628690801339eca9c44143cd,APPROVED,Not Applicable,2026-01-27T19:52:25.943000Z,2026-01-27T20:09:57.933000Z,2026-01-27T20:11:19.658000Z,2026-01-27T20:09:58.627180Z,1052.0,CIB0X4VY,10534,32,Female,Mixed,United States,United States,United States,English,Yes,Full-Time
6979186d706a6ca30aa6ff1b,617452347986aeaf4d2e5278,APPROVED,Not Applicable,2026-01-27T19:56:33.728000Z,2026-01-27T20:01:10.734000Z,2026-01-27T20:11:19.943000Z,2026-01-27T20:01:11.093708Z,278.0,CIB0X4VY,1019,26,Male,White,United States,United States,United States,English,No,Unemployed (and job seeking)
6979195e075c46c988f0f6c1,6978d05ab0fa3b3403fd3611,APPROVED,Not Applicable,2026-01-27T20:00:35.120000Z,2026-01-27T20:05:47.029000Z,2026-01-27T20:11:20.197000Z,2026-01-27T20:05:47.413198Z,312.0,CIB0X4VY,1,32,Female,White,United Kingdom,United Kingdom,DATA_EXPIRED,English,No,Part-Time
6979195e853ef2589926dd26,6978c3c421215e1d9b95db3d,APPROVED,Not Applicable,2026-01-27T20:00:37.361000Z,2026-01-27T20:07:00.310000Z,2026-01-27T20:11:20.444000Z,2026-01-27T20:07:00.687358Z,383.0,CIB0X4VY,5,29,Female,White,United Kingdom,United Kingdom,DATA_EXPIRED,English,No,Full-Time
697919603ae7aed5e64caed0,5f60d14a4b540f04a9473cb7,APPROVED,Not Applicable,2026-01-27T20:00:34.694000Z,2026-01-27T20:06:02.447000Z,2026-01-27T20:11:20.791000Z,2026-01-27T20:06:02.818626Z,328.0,CIB0X4VY,4955,31,Female,White,United States,United States,United States,English,No,Part-Time
697919638dae042169d911c7,6978c747e184ed4d0341f8a2,APPROVED,Not Applicable,2026-01-27T20:00:53.873000Z,2026-01-27T20:06:55.905000Z,2026-01-27T20:11:21.179000Z,2026-01-27T20:06:56.259467Z,363.0,CIB0X4VY,3,22,Female,White,United Kingdom,United Kingdom,United Kingdom,English,No,Unemployed (and job seeking)
69791966cb486d9c002df11c,65465ac216a26bebcc8d8b02,APPROVED,Not Applicable,2026-01-27T20:00:43.898000Z,2026-01-27T20:07:45.415000Z,2026-01-27T20:11:21.451000Z,2026-01-27T20:07:45.774819Z,422.0,CIB0X4VY,6233,28,Female,White,United States,United States,United States,English,No,Full-Time
6979196d59564a7dd0fa5078,5ea25b82a46065174c689daa,APPROVED,Not Applicable,2026-01-27T20:00:51.758000Z,2026-01-27T20:05:31.400000Z,2026-01-27T20:11:21.750000Z,2026-01-27T20:05:31.725501Z,280.0,CIB0X4VY,9858,55,Male,White,Israel,United States,United States,English,No,Full-Time
6979197342bbbc8d47e8c3bf,679a405b6c59c362dd11cc59,APPROVED,Not Applicable,2026-01-27T20:01:41.976000Z,2026-01-27T20:09:54.672000Z,2026-01-27T20:11:21.995000Z,2026-01-27T20:09:55.032390Z,493.0,CIB0X4VY,9,43,Male,White,United Kingdom,United Kingdom,United Kingdom,English,No,DATA_EXPIRED
6979197cfe29fbd924094ebc,673e5a3412198a5e62837745,APPROVED,Not Applicable,2026-01-27T20:01:08.833000Z,2026-01-27T20:06:56.927000Z,2026-01-27T20:11:22.241000Z,2026-01-27T20:06:57.355833Z,349.0,CIB0X4VY,2531,33,Male,White,United States,United States,United States,English,DATA_EXPIRED,DATA_EXPIRED
6979198c26d21c3a175be347,672539aa74aa5a08ab440626,APPROVED,Not Applicable,2026-01-27T20:01:36.442000Z,2026-01-27T20:07:55.890000Z,2026-01-27T20:11:22.477000Z,2026-01-27T20:07:56.259356Z,380.0,CIB0X4VY,1495,47,Female,White,United Kingdom,United Kingdom,United Kingdom,English,No,Full-Time
6979199fb91d0d7a5093d59b,5ec403bb09d0e02a060bd5e6,APPROVED,Not Applicable,2026-01-27T20:01:39.361000Z,2026-01-27T20:05:31.402000Z,2026-01-27T20:11:22.711000Z,2026-01-27T20:05:31.748575Z,233.0,CIB0X4VY,11359,31,Female,White,United States,United States,United States,English,Yes,Full-Time
697919d98674be39acf3efa3,6712fe1173dfa2bfa2d6294b,APPROVED,Not Applicable,2026-01-27T20:02:42.561000Z,2026-01-27T20:07:38.412000Z,2026-01-27T20:11:22.999000Z,2026-01-27T20:07:38.802498Z,296.0,CIB0X4VY,3012,28,Male,White,United States,United States,United States,English,DATA_EXPIRED,DATA_EXPIRED
697919e1be555adcab19c5ea,66cb244951abdf73420673a8,APPROVED,Not Applicable,2026-01-27T20:04:31.060000Z,2026-01-27T20:11:31.482000Z,2026-01-27T22:11:27.565000Z,2026-01-27T20:11:31.842444Z,421.0,CIB0X4VY,4897,45,Male,Asian,Philippines,United States,United States,English,No,Full-Time
697919e5bfc258ca388cc8fb,5dd71029c944d16b0668c95f,APPROVED,Not Applicable,2026-01-27T20:02:49.072000Z,2026-01-27T20:08:05.090000Z,2026-01-27T20:11:23.472000Z,2026-01-27T20:08:05.456697Z,317.0,CIB0X4VY,922,26,Female,White,United Kingdom,United Kingdom,United Kingdom,English,DATA_EXPIRED,DATA_EXPIRED
697919e8bbc2ea87990dffce,6632a68dd977c623f763a41a,APPROVED,Not Applicable,2026-01-27T20:02:52.921000Z,2026-01-27T20:09:49.381000Z,2026-01-27T20:11:23.713000Z,2026-01-27T20:09:49.747332Z,417.0,CIB0X4VY,3515,56,Male,White,United States,United States,United States,English,No,Full-Time
69791a00a8a46d3b9dc98057,60dde3c32d443979e545ce9d,APPROVED,Not Applicable,2026-01-27T20:03:22.471000Z,2026-01-27T20:20:02.884000Z,2026-01-27T22:11:27.965000Z,2026-01-27T20:20:03.258955Z,1001.0,CIB0X4VY,3538,67,Female,White,United States,United States,United States,English,No,Part-Time
69791a0545813bbbdf8e67a3,60ccc83bea0576d2f30da90b,APPROVED,Not Applicable,2026-01-27T20:04:56.725000Z,2026-01-27T20:11:36.951000Z,2026-01-27T22:11:28.339000Z,2026-01-27T20:11:37.315949Z,401.0,CIB0X4VY,1551,42,Male,White,United Kingdom,United Kingdom,United Kingdom,English,No,Full-Time
69791a1b29c3a459c96c3b7f,6727964977929019f6ff8a5d,APPROVED,Not Applicable,2026-01-27T20:03:43.819000Z,2026-01-27T20:09:10.767000Z,2026-01-27T20:11:23.970000Z,2026-01-27T20:09:11.144024Z,327.0,CIB0X4VY,1499,23,Female,Black,Nigeria,United Kingdom,Nigeria,English,No,Full-Time
69791a5146a85cf3aa30baa3,60e769ec9858960e8ad00886,APPROVED,Not Applicable,2026-01-27T20:04:37.201000Z,2026-01-27T20:13:46.763000Z,2026-01-27T22:11:28.719000Z,2026-01-27T20:13:47.206342Z,550.0,CIB0X4VY,4329,48,Male,Asian,Korea,United States,United States,English,No,Full-Time
69791a547ee4eecaf27e1096,63fba62ad4d1fc9ced67eff4,APPROVED,Not Applicable,2026-01-27T20:04:54.381000Z,2026-01-27T20:12:05.320000Z,2026-01-27T22:11:29.126000Z,2026-01-27T20:12:05.674015Z,431.0,CIB0X4VY,4670,54,Female,White,United States,United States,United States,English,No,Part-Time
69791a54bbb85632fcf3a67d,6715f06f11bee12130540557,APPROVED,Not Applicable,2026-01-27T20:04:44.312000Z,2026-01-27T20:09:31.010000Z,2026-01-27T20:11:24.236000Z,2026-01-27T20:09:31.385921Z,287.0,CIB0X4VY,1533,40,Male,White,United States,United States,United States,English,No,Full-Time
69791a57955c1208d34e8453,5ae59bec7edeb000014a828c,APPROVED,Not Applicable,2026-01-27T20:04:43.288000Z,2026-01-27T20:09:31.243000Z,2026-01-27T20:11:24.494000Z,2026-01-27T20:09:31.570647Z,288.0,CIB0X4VY,3383,33,Male,White,Bosnia and Herzegovina,United Kingdom,United Kingdom,English,No,Full-Time
69791a58760f1734b0417d23,665a16dd2db5a0dff976ea9b,APPROVED,Not Applicable,2026-01-27T20:04:43.569000Z,2026-01-27T20:10:36.842000Z,2026-01-27T20:11:24.756000Z,2026-01-27T20:10:37.209648Z,354.0,CIB0X4VY,2129,22,Female,White,United Kingdom,United Kingdom,United Kingdom,English,No,Full-Time
69791a596fbca810b9741911,6413695069219184bd98cff7,APPROVED,Not Applicable,2026-01-27T20:04:59.267000Z,2026-01-27T20:12:18.466000Z,2026-01-27T22:11:29.470000Z,2026-01-27T20:12:18.835640Z,440.0,CIB0X4VY,144,24,Male,White,United Kingdom,United Kingdom,United Kingdom,English,No,Full-Time
69791a5b31cb23964d849004,631385edd622a2b9907f19a4,APPROVED,Not Applicable,2026-01-27T20:04:48.680000Z,2026-01-27T20:09:37.600000Z,2026-01-27T20:11:25.035000Z,2026-01-27T20:09:37.937915Z,289.0,CIB0X4VY,948,50,Male,Black,United States,United States,United States,English,DATA_EXPIRED,Full-Time
69791a7ced7e3f0f2301938a,695f8f96209430db0b206348,APPROVED,Not Applicable,2026-01-27T20:05:24.059000Z,2026-01-27T20:17:14.444000Z,2026-01-27T22:11:29.838000Z,2026-01-27T20:17:14.813211Z,711.0,CIB0X4VY,278,27,Male,White,United States,United States,United States,English,No,Part-Time
69791a7fbde10865f37fa5a5,677336ba29668ba752046dfc,APPROVED,Not Applicable,2026-01-27T20:14:14.712000Z,2026-01-27T20:21:26.898000Z,2026-01-27T22:11:30.257000Z,2026-01-27T20:21:27.236173Z,433.0,CIB0X4VY,2121,47,Female,White,United States,United States,United States,English,No,"Not in paid work (e.g. homemaker', 'retired or disabled)"
69791a8768581bf4352c9816,66e3a5d19b4dd663d2c8b9ad,APPROVED,Not Applicable,2026-01-27T20:11:28.437000Z,2026-01-27T20:20:42.287000Z,2026-01-27T22:11:30.600000Z,2026-01-27T20:20:42.644119Z,554.0,CIB0X4VY,1123,26,Male,Black,United States,United States,United States,English,No,Full-Time
69791aa8cf6eb536038d5d16,6978cdf7ad5ffe187f9d783f,APPROVED,Not Applicable,2026-01-27T20:06:06.922000Z,2026-01-27T20:13:34.547000Z,2026-01-27T22:11:30.943000Z,2026-01-27T20:13:34.887818Z,448.0,CIB0X4VY,4,40,Female,Other,United States,United States,United States,English,No,Other
69791adccf6eb536038d5d1e,60fd080d5476f4a77211bafb,APPROVED,Not Applicable,2026-01-27T20:07:53.454000Z,2026-01-27T20:13:46.754000Z,2026-01-27T22:11:31.331000Z,2026-01-27T20:13:47.143842Z,354.0,CIB0X4VY,5640,37,Female,White,United States,United States,United States,English,No,Full-Time
69791b458d6f9b6d0e6ff8cb,5d4c7acd2799110019400b6a,APPROVED,Not Applicable,2026-01-27T20:09:07.094000Z,2026-01-27T20:23:40.709000Z,2026-01-27T22:11:31.628000Z,2026-01-27T20:23:41.167374Z,874.0,CIB0X4VY,5408,75,Female,Mixed,Jamaica,United States,Jamaica,English,No,Part-Time
69791b4e5874c570e1a9d1b8,5967e9a831394d0001abdb3f,APPROVED,Not Applicable,2026-01-27T20:08:46.335000Z,2026-01-27T20:15:11.511000Z,2026-01-27T22:11:31.934000Z,2026-01-27T20:15:11.895141Z,386.0,CIB0X4VY,4295,61,Female,White,United Kingdom,United Kingdom,United Kingdom,English,No,Part-Time
69791badb562aea2fe1be9eb,62714a240ed387f760f6741b,APPROVED,Not Applicable,2026-01-27T20:10:34Z,2026-01-27T20:19:11.813000Z,2026-01-27T22:11:32.182000Z,2026-01-27T20:19:12.212664Z,518.0,CIB0X4VY,2698,52,Male,White,United Kingdom,United Kingdom,United Kingdom,English,Yes,Unemployed (and job seeking)
69791bc8cf7b3f90f9ae1a0f,5f202731ebb8a92abf3b7268,APPROVED,Not Applicable,2026-01-27T20:14:19.945000Z,2026-01-27T20:27:25.016000Z,2026-01-27T22:11:32.412000Z,2026-01-27T20:27:25.385582Z,786.0,CIB0X4VY,1059,36,Male,White,United States,United States,United States,English,No,Full-Time
69791c1b1e624f49ef695a82,616446c54ec10a56f2070911,APPROVED,Not Applicable,2026-01-27T20:12:15.313000Z,2026-01-27T20:19:42.575000Z,2026-01-27T22:11:32.638000Z,2026-01-27T20:19:42.949939Z,448.0,CIB0X4VY,1601,46,Female,Mixed,United Kingdom,United Kingdom,United Kingdom,English,DATA_EXPIRED,DATA_EXPIRED
69791c352e18fd8456ba2d23,6146548679f86b7cb069e7f7,APPROVED,Not Applicable,2026-01-27T20:12:43.262000Z,2026-01-27T20:17:36.485000Z,2026-01-27T22:11:32.866000Z,2026-01-27T20:17:36.876292Z,294.0,CIB0X4VY,741,35,Female,White,United Kingdom,United Kingdom,United Kingdom,English,No,Part-Time
69791cb1a16d4076fa07c6f3,6978c212462dd3a1819346d7,APPROVED,Not Applicable,2026-01-27T20:14:47.420000Z,2026-01-27T20:21:10.750000Z,2026-01-27T22:11:33.097000Z,2026-01-27T20:21:11.094606Z,384.0,CIB0X4VY,3,27,Female,White,United Kingdom,United Kingdom,United Kingdom,English,No,Part-Time
69791cbdc6996235fbf1aa4a,5f4822c87200c92c9ef20bb1,APPROVED,Not Applicable,2026-01-27T20:15:03.108000Z,2026-01-27T20:22:00.707000Z,2026-01-27T22:11:33.348000Z,2026-01-27T20:22:01.053686Z,418.0,CIB0X4VY,3034,28,Male,White,United Kingdom,United Kingdom,United Kingdom,English,DATA_EXPIRED,DATA_EXPIRED
69791cbf97d5d7d5d51a9dfc,6229dc51dff340226697778e,APPROVED,Not Applicable,2026-01-27T20:17:17.006000Z,2026-01-27T20:24:07.046000Z,2026-01-27T22:11:33.598000Z,2026-01-27T20:24:07.411214Z,411.0,CIB0X4VY,4761,61,Male,White,United Kingdom,United Kingdom,United Kingdom,English,DATA_EXPIRED,DATA_EXPIRED
69791d0d5d88a2b3d94cafcc,667871d17d7fdf0358f82a28,APPROVED,Not Applicable,2026-01-27T20:19:24.678000Z,2026-01-27T20:24:56.647000Z,2026-01-27T22:11:33.850000Z,2026-01-27T20:24:57.004969Z,332.0,CIB0X4VY,9255,46,Male,White,United States,United States,United States,English,DATA_EXPIRED,DATA_EXPIRED
69791d2611275988165a4361,5ef08aa7177a735c78ffbf40,APPROVED,Not Applicable,2026-01-27T20:20:03.761000Z,2026-01-27T20:27:04.439000Z,2026-01-27T22:11:34.097000Z,2026-01-27T20:27:04.776700Z,421.0,CIB0X4VY,2424,24,Male,White,United Kingdom,United Kingdom,United Kingdom,English,No,Full-Time
69791d2747758429b44bde12,6629b7f6b922ea54988c6c76,APPROVED,Not Applicable,2026-01-27T20:16:43.081000Z,2026-01-27T20:24:33.314000Z,2026-01-27T22:11:34.337000Z,2026-01-27T20:24:33.653191Z,471.0,CIB0X4VY,2975,47,Female,Black,United States,United States,United States,English,No,Part-Time
69791d50327fcfe9ec688238,5eac686d82cc012af1e953c7,APPROVED,Not Applicable,2026-01-27T20:17:24.308000Z,2026-01-27T20:22:41.453000Z,2026-01-27T22:11:34.569000Z,2026-01-27T20:22:41.768902Z,318.0,CIB0X4VY,7325,59,Male,White,United States,United States,United States,English,No,"Not in paid work (e.g. homemaker', 'retired or disabled)"
69791de3ccef97c68b5495e5,66d339846ddb5871646d198c,APPROVED,Not Applicable,2026-01-27T20:20:16.528000Z,2026-01-27T20:28:32.248000Z,2026-01-27T22:11:34.860000Z,2026-01-27T20:28:32.636273Z,496.0,CIB0X4VY,1664,57,Male,White,United Kingdom,United Kingdom,United Kingdom,English,No,Unemployed (and job seeking)
69791de41106e0bcc03761f4,5e93fa7d2654107440e3a663,APPROVED,Not Applicable,2026-01-27T20:19:53.966000Z,2026-01-27T20:28:40.118000Z,2026-01-27T22:11:35.218000Z,2026-01-27T20:28:40.502682Z,527.0,CIB0X4VY,2725,55,Male,White,United Kingdom,United Kingdom,United Kingdom,English,No,Full-Time
69791e19070c08a3115908d2,6740b01583cadef1afebeb9d,APPROVED,Not Applicable,2026-01-27T20:21:18.046000Z,2026-01-27T20:29:42.508000Z,2026-01-27T22:11:35.472000Z,2026-01-27T20:29:42.841492Z,505.0,CIB0X4VY,1271,37,Male,Black,United States,United States,United States,English,No,Full-Time
69791e9c59a46df9abbd7b64,5ea026ebbc5a78011ea73ffb,APPROVED,Not Applicable,2026-01-27T20:22:56.751000Z,2026-01-27T20:32:18.333000Z,2026-01-27T22:11:35.758000Z,2026-01-27T20:32:18.680240Z,562.0,CIB0X4VY,3359,81,Male,White,United Kingdom,United Kingdom,United Kingdom,English,No,"Not in paid work (e.g. homemaker', 'retired or disabled)"
69791f045d6120f431e8c3eb,5dd4767b32288646716dc98a,APPROVED,Not Applicable,2026-01-27T20:24:41.182000Z,2026-01-27T20:35:54.334000Z,2026-01-27T22:11:36.035000Z,2026-01-27T20:35:54.669461Z,674.0,CIB0X4VY,10776,52,Female,White,Ukraine,United States,United States,English,No,Part-Time
69791f17ed7e3f0f23019405,67be4c756ba3a15a47e60356,APPROVED,Not Applicable,2026-01-27T20:25:24.575000Z,2026-01-27T20:34:48.344000Z,2026-01-27T22:11:36.312000Z,2026-01-27T20:34:48.691784Z,564.0,CIB0X4VY,2036,58,Female,White,United States,United States,United States,English,No,DATA_EXPIRED
69791ff7129a629fa7baae31,62b8cd151b5fd0f9be7d1f11,APPROVED,Not Applicable,2026-01-27T20:28:46.315000Z,2026-01-27T20:34:49.930000Z,2026-01-27T22:11:36.655000Z,2026-01-27T20:34:50.263265Z,364.0,CIB0X4VY,3436,33,Male,White,United Kingdom,United Kingdom,United Kingdom,English,No,Unemployed (and job seeking)
697921637764878cc7081aa6,67d1f6824f74bd16996512c0,APPROVED,Not Applicable,2026-01-27T20:35:10.105000Z,2026-01-27T20:48:11.353000Z,2026-01-27T22:11:37.064000Z,2026-01-27T20:48:11.729262Z,782.0,CIB0X4VY,2340,68,Male,White,Lithuania,United States,Russian Federation,English,No,"Not in paid work (e.g. homemaker', 'retired or disabled)"
697921e42370c72a415611c2,6774c5b0b19b119861c73439,APPROVED,Not Applicable,2026-01-27T20:37:01.229000Z,2026-01-27T20:41:53.145000Z,2026-01-27T22:11:37.506000Z,2026-01-27T20:41:53.511505Z,292.0,CIB0X4VY,475,20,Female,Asian,United Kingdom,United Kingdom,United Kingdom,English,Yes,DATA_EXPIRED
697922cbaa1c1f8659c15e63,6960eaa5a42911489082cf55,APPROVED,Not Applicable,2026-01-27T20:40:48.137000Z,2026-01-27T20:47:14.353000Z,2026-01-27T22:11:37.926000Z,2026-01-27T20:47:14.760198Z,387.0,CIB0X4VY,155,38,Female,White,United States,United States,DATA_EXPIRED,English,No,Part-Time
69792434ee349d20668b9933,66fdadbaa3ff5e732278ad0e,APPROVED,Not Applicable,2026-01-27T20:46:53.442000Z,2026-01-27T20:55:12.487000Z,2026-01-27T22:11:38.231000Z,2026-01-27T20:55:12.833668Z,500.0,CIB0X4VY,1453,67,Male,White,United Kingdom,United States,United Kingdom,English,No,Unemployed (and job seeking)
69792751c4fe8b5211d916ec,6658b161506a8a9c5f1e4b58,APPROVED,Not Applicable,2026-01-27T21:00:04.744000Z,2026-01-27T21:03:27.642000Z,2026-01-27T22:11:38.493000Z,2026-01-27T21:03:28.105783Z,203.0,CIB0X4VY,1271,33,Female,White,United Kingdom,United Kingdom,United Kingdom,English,Yes,Part-Time
6978f94f9d2e17da249eef09,693ecb243296d4f4d9e38818,TIMED-OUT,Not Applicable,2026-01-27T17:43:47.789000Z,,,,341273.0,,1021,46,Male,White,United States,United States,United States,English,No,Full-Time
6978fb6a807d2cb88f5524ea,5bdf8d7eee652a0001f0999c,RETURNED,Not Applicable,2026-01-27T17:52:45.627000Z,,,,,,7224,CONSENT_REVOKED,CONSENT_REVOKED,CONSENT_REVOKED,CONSENT_REVOKED,CONSENT_REVOKED,CONSENT_REVOKED,CONSENT_REVOKED,CONSENT_REVOKED,CONSENT_REVOKED
6978fd38f8c9fc3722d76fe5,62e154b0682e270b4acdf5ee,RETURNED,Not Applicable,2026-01-27T18:00:40.127000Z,,,,,,5001,CONSENT_REVOKED,CONSENT_REVOKED,CONSENT_REVOKED,CONSENT_REVOKED,CONSENT_REVOKED,CONSENT_REVOKED,CONSENT_REVOKED,CONSENT_REVOKED,CONSENT_REVOKED
6978fd923cfd74efd8510de2,695fdb8cdf7e2341d1abb7ce,TIMED-OUT,Not Applicable,2026-01-27T18:02:00.146000Z,,,,340181.0,,384,32,Female,White,United States,United States,DATA_EXPIRED,English,No,"Not in paid work (e.g. homemaker', 'retired or disabled)"
697902dca3900aa25b3b82cc,60fd29f9a87256295399a571,RETURNED,Not Applicable,2026-01-27T18:24:35.356000Z,,,,,,1796,CONSENT_REVOKED,CONSENT_REVOKED,CONSENT_REVOKED,CONSENT_REVOKED,CONSENT_REVOKED,CONSENT_REVOKED,CONSENT_REVOKED,CONSENT_REVOKED,CONSENT_REVOKED
69790441009e0b10d3021f15,640106276a808bdba519eb05,RETURNED,Not Applicable,,,,,,,881,CONSENT_REVOKED,CONSENT_REVOKED,CONSENT_REVOKED,CONSENT_REVOKED,CONSENT_REVOKED,CONSENT_REVOKED,CONSENT_REVOKED,CONSENT_REVOKED,CONSENT_REVOKED
697911d0ac78ca8afe16a064,6750f7eb7c60e2b2c22aeaea,RETURNED,Not Applicable,2026-01-27T19:29:05.607000Z,,,,,,1934,CONSENT_REVOKED,CONSENT_REVOKED,CONSENT_REVOKED,CONSENT_REVOKED,CONSENT_REVOKED,CONSENT_REVOKED,CONSENT_REVOKED,CONSENT_REVOKED,CONSENT_REVOKED
697912cc3e9aa80d32e37b32,695fc5a2b8659c3fef4f8579,RETURNED,Not Applicable,2026-01-27T19:32:33.960000Z,,,,,,337,CONSENT_REVOKED,CONSENT_REVOKED,CONSENT_REVOKED,CONSENT_REVOKED,CONSENT_REVOKED,CONSENT_REVOKED,CONSENT_REVOKED,CONSENT_REVOKED,CONSENT_REVOKED
697912cf670d0973afc8d6ce,57698d52688a5c00018d958d,RETURNED,Not Applicable,2026-01-27T19:43:00.022000Z,,,,,,5005,CONSENT_REVOKED,CONSENT_REVOKED,CONSENT_REVOKED,CONSENT_REVOKED,CONSENT_REVOKED,CONSENT_REVOKED,CONSENT_REVOKED,CONSENT_REVOKED,CONSENT_REVOKED
697913add5ebb62992ee7530,6640be7edc706d4622dbab1c,RETURNED,Not Applicable,2026-01-27T19:36:17.154000Z,,,,,,10190,CONSENT_REVOKED,CONSENT_REVOKED,CONSENT_REVOKED,CONSENT_REVOKED,CONSENT_REVOKED,CONSENT_REVOKED,CONSENT_REVOKED,CONSENT_REVOKED,CONSENT_REVOKED
697913af321dd2e675de2aa2,6726772db37c626cce7dfcf6,RETURNED,Not Applicable,,,,,,,2477,CONSENT_REVOKED,CONSENT_REVOKED,CONSENT_REVOKED,CONSENT_REVOKED,CONSENT_REVOKED,CONSENT_REVOKED,CONSENT_REVOKED,CONSENT_REVOKED,CONSENT_REVOKED
69791543523e281971528bdd,66e0c0a1fab28ce6352ae19c,RETURNED,Not Applicable,2026-01-27T19:43:15.096000Z,,,,,,3507,CONSENT_REVOKED,CONSENT_REVOKED,CONSENT_REVOKED,CONSENT_REVOKED,CONSENT_REVOKED,CONSENT_REVOKED,CONSENT_REVOKED,CONSENT_REVOKED,CONSENT_REVOKED
69791bda4258044ef08490cd,67828038b2e1f7607e817e11,RETURNED,Not Applicable,2026-01-27T20:12:47.029000Z,,,,,,3615,CONSENT_REVOKED,CONSENT_REVOKED,CONSENT_REVOKED,CONSENT_REVOKED,CONSENT_REVOKED,CONSENT_REVOKED,CONSENT_REVOKED,CONSENT_REVOKED,CONSENT_REVOKED
